customerid,name,mobile,email,password,address
"35344474","Hunter Harry","361188284","57ojd8gu@example.com","g0vWoCitGdRuu","1027 Elm St, Kenner, LA 70062"
"61346846","Isabella Layla","732450263","rokkknoh@example.com","KJ3YpcTiKkJgkD","590 Pine Dr, Destrehan, LA 70047"
"72324324","Theo Roman","238582835","8akt7eyw@example.com","K5VpcQYvmsZx","6998 Cedar Rd, New Orleans, LA 70032"
"40220689","Jasper Harvey","935799854","h5ln3de1@example.com","zwqeNsnG6awv6K","5389 Pine Dr, Metarie, LA 70001"
"85022552","Koa Carter","657910456","v24e7iwt@example.com","5BQZajAv3jqtFLpG","2821 Elm St, Laplace, LA 70068"
"19987199","Rosie Maeve","857947770","xj2joqgz@example.com","lves8zzsao","7239 Maple St, Laplace, LA 70068"
"77129345","Ezra Lucas","929538220","hib5a2b9@example.com","gxYd9pjz0h3","1465 Oak Ave, St. Rose, LA 70087"
"99252406","Elsie Phoebe","775207617","dgb35xkd@example.com","H8vpD3VWr3UjEOdvR","9995 Maple St, Kenner, LA 70062"
"79606494","Felix Lennox","998290199","xg7m6lfl@example.com","JpUaCiFwUt3vUBP","6375 Maple St, New Orleans, LA 70032"
"95459519","William Noah","367080918","cc9pxbpn@example.com","0KTtBfft8JzWV0VZo","8674 Birch Blvd, New Orleans, LA 70032"
"33658382","Louie Levi","712634037","xxq02s36@example.com","whTpTGeHZfBC","5638 Pine Dr, Metarie, LA 70001"
"68945147","Aria Evelyn","255160144","d1bw47x8@example.com","on2zoQmQy6hskl","9211 Elm St, Metarie, LA 70001"
"42401103","Hugo Harrison","980157869","0w2w1ydd@example.com","50r2MAA8B9al5mt","1362 Maple St, St. Rose, LA 70087"
"40621223","Grace Olivia","779247961","8hso6q68@example.com","TjR4yBzwA","8260 Cedar Rd, Laplace, LA 70068"
"42115366","Pippa Isla","477489788","wuv7qhco@example.com","uoj53PWfCjAU8","2309 Cedar Rd, Metarie, LA 70001"
"92155379","Heidi Penelope","287147348","6wnuk8js@example.com","BVZOSXcdYm9j","5425 Maple St, Destrehan, LA 70047"
"22765303","Lucas Jordan","767881020","97y7nl9q@example.com","ptOIEBcQBZJm","1936 Cedar Rd, St. Rose, LA 70087"
"88271128","Maisie Maya","681786116","qftcekj5@example.com","Xtv2DGUpC","9423 Elm St, Kenner, LA 70062"
"94233402","Malakai Flynn","342380188","omwupst1@example.com","R8Ram9bo2otQDl","7296 Cedar Rd, Metarie, LA 70001"
"49549545","Freya Ava","890956997","zo45vdj0@example.com","cUNp398H1v","9059 Pine Dr, New Orleans, LA 70032"
"71258191","Harrison Myles","580980713","x0nivp68@example.com","Qs3Uxb71LZv7","4704 Oak Ave, Metarie, LA 70001"
"75200077","Sofia Peyton","237450510","tgprbecj@example.com","kJqXFpWLoZ","3054 Oak Ave, Laplace, LA 70068"
"76382549","Isla Amara","407593228","g774g9nl@example.com","IaGiA0bCrzE","4275 Pine Dr, New Orleans, LA 70032"
"92337433","Imogen Ellie","900904627","u7ru15jd@example.com","DNMnfbl7wZCg6l","6532 Pine Dr, Laplace, LA 70068"
"55145752","Asher Oakley","886471813","86k9knne@example.com","ZaE1xJUbBjNE","4647 Cedar Rd, New Orleans, LA 70032"
"79665820","Jordan Mason","533743007","pigwp64w@example.com","3WX9li5sfCli0YOh","4488 Oak Ave, New Orleans, LA 70032"
"15958405","Kai Harry","869093696","v8tdtzr5@example.com","feIdGidv","276 Elm St, St. Rose, LA 70087"
"69736001","Frederick Archer","331337900","uuz9ou8b@example.com","AKVJ9WhicY","6235 Cedar Rd, Destrehan, LA 70047"
"62677757","Willow Pippa","295533316","bn3ysqry@example.com","iS87ILIISBrru","5029 Cedar Rd, Laplace, LA 70068"
"86152554","Heidi Lyla","350983245","jdnylush@example.com","XAad0gWk6oQrW","4039 Cedar Rd, Kenner, LA 70062"
"34669644","Eden Maya","248205698","59dx5ii6@example.com","r3S0mlsmczHgpVAbj","5507 Oak Ave, Laplace, LA 70068"
"18234131","Margot Sophie","203372497","0u2vlxw2@example.com","F0HIvFsk","6102 Birch Blvd, St. Rose, LA 70087"
"91439415","Grayson Daniel","646678384","owoytrer@example.com","ym2af37PCIMk","7546 Birch Blvd, Harahan, LA 70123"
"59699128","Max Lachlan","242620782","gyoyh3em@example.com","e07ehUbq38FC","4688 Birch Blvd, Kenner, LA 70062"
"79482971","Evie Nora","463209469","38oxxtcr@example.com","eiYk7Jw93Zjdwqo","1816 Elm St, Harahan, LA 70123"
"47195496","Lucas Patrick","470241423","znaomhew@example.com","XdUqG4aESmp5f","3066 Oak Ave, Harahan, LA 70123"
"91972597","Remy Flynn","701378714","q42b87y1@example.com","o17t02Z7b9PZ","2558 Pine Dr, Laplace, LA 70068"
"78875697","Jack Jasper","858183707","1c4s7oe7@example.com","NZh0gbFKK8grU","7048 Birch Blvd, Metarie, LA 70001"
"74780307","Jasmine Luna","175012773","thcfip01@example.com","9xU1OaT3cJ9sJY2Gl","5144 Elm St, Laplace, LA 70068"
"44603030","Huxley Felix","659688269","4qimnvsy@example.com","3N1qH0irbpJBW7Dw","944 Oak Ave, St. Rose, LA 70087"